{
  "command.csharp.attachToProcess": ".NET 5+ veya .NET Core işlemine ekleme",
  "command.csharp.downloadDebugger": ".NET Core Hata Ayıklayıcısını İndirin",
  "command.csharp.listProcess": "Ekleme işlemini listele",
  "command.csharp.listRemoteDockerProcess": "Docker bağlantısındaki işlemleri listeleme",
  "command.csharp.listRemoteProcess": "Eklemek için uzak bağlantıdaki işlemleri listeleyin",
  "command.csharp.reportIssue": "Bir sorun bildirin",
  "command.csharp.showDecompilationTerms": "Derleyici koşulları sözleşmesini göster",
  "command.dotnet.generateAssets.currentProject": "Derleme ve Hata Ayıklama için Varlıklar Oluşturun",
  "command.dotnet.openSolution": "Çözümü Aç",
  "command.dotnet.restartServer": "Dil Sunucusunu Yeniden Başlat",
  "command.dotnet.restore.all": "Tüm Projeleri Geri Yükleyin",
  "command.dotnet.restore.project": "Projeyi Geri Yükle",
  "command.dotnet.test.debugTestsInContext": "Bağlamda Hata Ayıklama Testleri",
  "command.dotnet.test.runTestsInContext": "Testleri Bağlamda Çalıştırın",
  "command.extension.showRazorCSharpWindow": "Razor CSharp'ı göster",
  "command.extension.showRazorHtmlWindow": "Razor HTML'sini göster",
  "command.o.fixAll.document": "Belgedeki kod sorununun tüm oluşumlarını düzeltin",
  "command.o.fixAll.project": "Proje içindeki kod sorununun tüm oluşumlarını düzeltin",
  "command.o.fixAll.solution": "Çözüm içindeki bir kod sorununun tüm oluşumlarını düzeltin",
  "command.o.pickProjectAndStart": "Proje Seç",
  "command.o.reanalyze.allProjects": "Tüm projeleri çözümleyin",
  "command.o.reanalyze.currentProject": "Geçerli projeyi çözümle",
  "command.o.restart": "OmniSharp'ı yeniden başlatın",
  "command.razor.reportIssue": "Razor sorunu bildirin",
  "configuration.csharp.inlayHints.enableInlayHintsForImplicitObjectCreation": "Örtük nesne oluşturma ipuçlarını göster",
  "configuration.csharp.inlayHints.enableInlayHintsForImplicitVariableTypes": "Çıkarsanan türlere sahip değişkenler için ipuçlarını göster",
  "configuration.csharp.inlayHints.enableInlayHintsForIndexerParameters": "Dizin oluşturucular için ipuçlarını göster",
  "configuration.csharp.inlayHints.enableInlayHintsForLambdaParameterTypes": "Lambda parametre türleri için ipuçlarını göster",
  "configuration.csharp.inlayHints.enableInlayHintsForTypes": "Satır içi tür ipuçlarını göster",
  "configuration.dotnet.backgroundAnalysis.analyzerDiagnosticsScope": "Şunun için arka plan kodu analizini çalıştırın: (Daha önce `omnisharp.enableRoslynAnalyzers`)",
  "configuration.dotnet.backgroundAnalysis.analyzerDiagnosticsScope.fullSolution": "Tüm çözüm",
  "configuration.dotnet.backgroundAnalysis.analyzerDiagnosticsScope.none": "Yok",
  "configuration.dotnet.backgroundAnalysis.analyzerDiagnosticsScope.openFiles": "Açık belgeler",
  "configuration.dotnet.backgroundAnalysis.compilerDiagnosticsScope": "Şunun için derleyici hatalarını ve uyarılarını göster:",
  "configuration.dotnet.backgroundAnalysis.compilerDiagnosticsScope.fullSolution": "Tüm çözüm",
  "configuration.dotnet.backgroundAnalysis.compilerDiagnosticsScope.none": "Yok",
  "configuration.dotnet.backgroundAnalysis.compilerDiagnosticsScope.openFiles": "Açık belgeler",
  "configuration.dotnet.codeLens.enableReferencesCodeLens": "CodeLens referanslarının gösterilip gösterilmeyeceğini belirtir. (Daha önce 'csharp.referencesCodeLens.enabled'dı)",
  "configuration.dotnet.codeLens.enableTestsCodeLens": "CodeLens çalıştırma ve hata ayıklama testinin gösterilip gösterilmeyeceğini belirtir. (Daha önce 'csharp.testsCodeLens.enabled'dı)",
  "configuration.dotnet.completion.provideRegexCompletions": "Tamamlama listesinde normal ifadeleri göster.",
  "configuration.dotnet.completion.showCompletionItemsFromUnimportedNamespaces": "Tamamlanma listelerinde içe aktarılmamış türleri ve içe aktarılmamış uzantı yöntemlerini göstermeye yönelik desteği etkinleştirir. Taahhüt edildiğinde, uygun kullanım yönergesi geçerli dosyanın en üstüne eklenecektir. (Önceden 'omnisharp.enableImportCompletion')",
  "configuration.dotnet.completion.showNameCompletionSuggestions": "Yakın zamanda seçtiğiniz üyeler için otomatik nesne adı tamamlama gerçekleştirin.",
  "configuration.dotnet.defaultSolution.description": "Varsayılan çözümün yolu, çalışma alanında açılacak veya atlamak için 'devre dışı' olarak ayarlanacak. (Daha önce 'omnisharp.defaultLaunchSolution')",
  "configuration.dotnet.dotnetPath": "Varsayılan sistem dizini yerine kullanılacak bir dotnet kurulum dizininin yolunu belirtir. Bu, yalnızca dil sunucusunun kendisini barındırmak için kullanılacak dotnet kurulumunu etkiler. Örnek: \"/home/username/mycustomdotnetdirectory\".",
  "configuration.dotnet.highlighting.highlightRelatedJsonComponents": "İmlecin altındaki ilgili JSON bileşenlerini vurgula.",
  "configuration.dotnet.highlighting.highlightRelatedRegexComponents": "İmleç altındaki ilgili normal ifade bileşenlerini vurgula.",
  "configuration.dotnet.implementType.insertionBehavior": "Arabirim veya soyut sınıf uygulanırken özellikler, olaylar ve yöntemlerin eklenme konumu.",
  "configuration.dotnet.implementType.insertionBehavior.atTheEnd": "Bunları sona yerleştir.",
  "configuration.dotnet.implementType.insertionBehavior.withOtherMembersOfTheSameKind": "Bunları aynı türdeki diğer üyelerle birlikte yerleştir.",
  "configuration.dotnet.implementType.propertyGenerationBehavior": "Arabirim veya soyut sınıf uygulama özellikleri oluşturma davranışı.",
  "configuration.dotnet.implementType.propertyGenerationBehavior.preferAutoProperties": "Otomatik özellikleri tercih et.",
  "configuration.dotnet.implementType.propertyGenerationBehavior.preferThrowingProperties": "Özel durum oluşturan özellikleri tercih et.",
  "configuration.dotnet.inlayHints.enableInlayHintsForLiteralParameters": "Sabit değerler için ipuçlarını göster",
  "configuration.dotnet.inlayHints.enableInlayHintsForObjectCreationParameters": "'new' ifadeleri için ipuçlarını göster",
  "configuration.dotnet.inlayHints.enableInlayHintsForOtherParameters": "Diğer her şey için ipuçlarını göster",
  "configuration.dotnet.inlayHints.enableInlayHintsForParameters": "Satır içi parametre adı ipuçlarını göster",
  "configuration.dotnet.inlayHints.suppressInlayHintsForParametersThatDifferOnlyBySuffix": "Parametre adlarının yalnızca sonekleri farklı olduğunda ipuçlarını gizle",
  "configuration.dotnet.inlayHints.suppressInlayHintsForParametersThatMatchArgumentName": "Bağımsız değişken parametre adıyla eşleştiğinde ipuçlarını bastır",
  "configuration.dotnet.inlayHints.suppressInlayHintsForParametersThatMatchMethodIntent": "Parametre adı metodun hedefi ile eşleştiğinde ipuçlarını gizle",
  "configuration.dotnet.navigation.navigateToDecompiledSources": "Derlenmiş kaynaklarda gezinmeyi etkinleştir.",
  "configuration.dotnet.preferCSharpExtension": "Projeleri yalnızca C# uzantısıyla yüklenmeye zorlar.  Bu, C# Dev Kit tarafından desteklenmeyen eski proje türlerini kullanırken yararlı olabilir. (Pencerenin yeniden yüklenmesi gerekir)",
  "configuration.dotnet.projects.enableAutomaticRestore": "Uzantı varlıkların eksik olduğunu algılarsa otomatik NuGet geri yükleme işlemini etkinleştirir.",
  "configuration.dotnet.quickInfo.showRemarksInQuickInfo": "Simge görüntülendiğinde açıklama bilgilerini göster.",
  "configuration.dotnet.server.crashDumpPath": "Dil sunucusunun çökmesi durumunda kilitlenme dökümlerinin yazılacağı klasör yolunu ayarlar.  Kullanıcı tarafından yazılabilir olmalıdır.",
  "configuration.dotnet.server.extensionPaths": "Dil sunucusu --extension bağımsız değişkenleri yolunu geçersiz kıl",
  "configuration.dotnet.server.path": "Sunucunun (LSP veya O#) yürütülebilir dosyasının mutlak yolunu belirtir. Boş bırakıldığında C# Uzantısına sabitlenen sürüm kullanılır. (Önceden 'omnisharp.path')",
  "configuration.dotnet.server.startTimeout": "İstemcinin başarılı bir şekilde başlatılması ve dil sunucusuna bağlanması için zaman aşımını (ms cinsinden) belirtir.",
  "configuration.dotnet.server.trace": "Dil sunucusu için günlük düzeyini ayarlar",
  "configuration.dotnet.server.waitForDebugger": "Bir hata ayıklayıcının eklenmesine izin vermek için sunucuyu başlatırken --debug bayrağını iletir. (Önceden 'omnisharp.waitForDebugger')",
  "configuration.dotnet.symbolSearch.searchReferenceAssemblies": "Başvuru derlemeleri içinde sembolleri arama. İçeri aktarma ekleme gibi sembol arama gerektiren özellikleri etkiler.",
  "configuration.dotnet.unitTestDebuggingOptions": "Birim testi hata ayıklamasını başlatırken hata ayıklayıcıyla birlikte kullanılacak seçenekler. (Önceden 'csharp.unitTestDebuggingOptions')",
  "configuration.razor.languageServer.debug": "Dil sunucusunu başlatırken hata ayıklama eklemesinin beklenip beklenmeyeceğini belirtir.",
  "configuration.razor.languageServer.directory": "Razor Dil Sunucusu dizininin yolunu geçersiz kılıyor.",
  "configuration.razor.server.trace": "Razor sunucusu için kullanılacak günlük kaydı düzeyini belirtir.",
  "debuggers.coreclr.configurationSnippets.description.attach": ".NET hata ayıklayıcısını (coreclr) çalışan bir işleme ekleyin. Bu, '.NET 5+ veya .NET Core işlemine ekle' komutu kullanılarak da kullanılabilir.",
  "debuggers.coreclr.configurationSnippets.description.blazor-hosted": "Bu kod parçacığı, Blazor WebAssembly hata ayıklayıcısı (blazorwasm) altında, başlatılacak yürütülebilir dosyanın yolunu belirten yeni bir işlemi başlatmak için kullanılır. Çoğu durumda, \".NET: C# projesini başlat\" kod parçacığı daha iyi bir seçimdir, ancak bu kod parçacığı tüm başlatma seçenekleri üzerinde tam denetime sahip olmak için kullanılabilir. Bu kod parçacığı dosyalarını sunmak için arka uç ASP.NET Core uygulamasına sahip bir proje olan, barındırılan Blazor projeleri içindir.",
  "debuggers.coreclr.configurationSnippets.description.blazor-standalone": "Bu kod parçacığı, Blazor WebAssembly hata ayıklayıcısı (blazorwasm) altında yeni bir işlemi başlatmak için kullanılır. Çoğu durumda, \".NET: C# projesini başlat\" kod parçacığı daha iyi bir seçimdir, ancak bu kod parçacığı tüm başlatma seçenekleri üzerinde tam denetime sahip olmak için kullanılabilir. Bu kod parçacığı, dosyalarını sunmak için bir arka uç ASP.NET Core uygulamasına sahip olmayan bir proje olan tek başına Blazor projeleri içindir.",
  "debuggers.coreclr.configurationSnippets.description.console-local": "Bu kod parçacığı, .NET hata ayıklayıcısı (coreclr) altında, başlatılacak yürütülebilir dosyanın yolunu belirten yeni bir işlemi başlatmak için kullanılır. Çoğu durumda, \".NET: C# projesini başlat\" kod parçacığı daha iyi bir seçimdir. Bu kod parçacığı, proje bu VS Code örneğinin dışında oluşturulduğunda veya .NET Kodunuzu 'dotnet.exe'/'dotnet'in belirli bir sürümü gibi özel bir yürütülebilir dosyada barındırmak istediğinizde ya da .NET Code yerel bir uygulama tarafından barındırıldığında kullanışlıdır. Bu kod parçacığı konsol uygulamalarına yöneliktir.",
  "debuggers.coreclr.configurationSnippets.description.remote": "Bu kod parçacığı, VS Code uzaktan iletişimi **olmadan** .NET Kodunda uzaktan hata ayıklamanın nasıl yapılacağını gösterir. Projenizi yerel olarak oluşturmak ancak başka bir bilgisayarda çalıştırmak istediğiniz durumlarda kullanılmalıdır.",
  "debuggers.coreclr.configurationSnippets.description.web-local": "Bu kod parçacığı, .NET hata ayıklayıcısı (coreclr) altında, başlatılacak yürütülebilir dosyanın yolunu belirten yeni bir işlemi başlatmak için kullanılır. Çoğu durumda, \".NET: C# projesini başlat\" kod parçacığı daha iyi bir seçimdir. Bu kod parçacığı, proje bu VS Code örneğinin dışında oluşturulduğunda veya .NET Kodunuzu 'dotnet.exe'/'dotnet'in belirli bir sürümü gibi özel bir yürütülebilir dosyada barındırmak istediğinizde ya da .NET Code yerel bir uygulama tarafından barındırıldığında kullanışlıdır. Bu kod parçacığı web (ASP.NET Core) uygulamalarına yöneliktir.",
  "debuggers.coreclr.configurationSnippets.label.attach-local": ".NET: .NET işlemine ekle",
  "debuggers.coreclr.configurationSnippets.label.attach-remote": ".NET: Uzaktan hata ayıklama - .NET işlemine ekle",
  "debuggers.coreclr.configurationSnippets.label.blazor-hosted": ".NET: Web Derlemesi - Barındırılan Blazor projesini başlat",
  "debuggers.coreclr.configurationSnippets.label.blazor-standalone": ".NET: Web Derlemesi - Tek başına Blazor projesini başlat",
  "debuggers.coreclr.configurationSnippets.label.console-local": ".NET: Yürütülebilir dosyayı başlat (Konsol)",
  "debuggers.coreclr.configurationSnippets.label.console-remote": ".NET: Uzaktan hata ayıklama - Yürütülebilir dosyayı başlat (Konsol)",
  "debuggers.coreclr.configurationSnippets.label.web-local": ".NET: Yürütülebilir dosyayı başlat (Web)",
  "debuggers.dotnet.configurationSnippets.description": "Bu kod parçacığı, bir C# projesinde hata ayıklamak için VS Code'u yapılandırır. Hata ayıklama seçenekleri (örnek: yürütülebilir dosyanın bağımsız değişkenleri) '<project-directory>/Properties/launchSettings.json' dosyası aracılığıyla yapılandırılabilir.",
  "debuggers.dotnet.configurationSnippets.label": ".NET: C# projesini başlat",
  "debuggers.dotnet.launch.launchConfigurationId.description": "Kullanılacak başlatma yapılandırma kimliği. Boş dize, geçerli etkin yapılandırmayı kullanır.",
  "debuggers.dotnet.launch.projectPath.description": ".csproj dosyasının yolu.",
  "generateOptionsSchema.allowFastEvaluate.description": "True olduğunda (varsayılan durum), hata ayıklayıcısı basit özelliklerin ve yöntemlerin yürütülmesinin simülasyonunu yaparak daha hızlı değerlendirmeyi dener.",
  "generateOptionsSchema.args.0.description": "Programa geçirilen komut satırı bağımsız değişkenleri.",
  "generateOptionsSchema.args.1.description": "Programa geçirilen komut satırı bağımsız değişkenlerinin dizeleştirilmiş sürümü.",
  "generateOptionsSchema.checkForDevCert.description": "Windows veya macOS üzerinde bir web projesi başlatıyorsanız ve bu etkinleştirilmişse hata ayıklayıcısı, bilgisayarda https uç noktalarında çalışan web sunucuları geliştirmek için kullanılan ve otomatik olarak imzalanan bir HTTPS sertifikası olup olmadığını denetler. Belirtilmezse 'serverReadyAction' ayarlandığında varsayılan olarak true değerini alır. Bu seçenek Linux, uzak VS Code ve VS Code web kullanıcı arabirimi senaryolarında işlem yapmaz. HTTPS sertifikası bulunmuyorsa veya sertifikaya güvenilmiyorsa kullanıcıdan sertifikayı yüklemesi/sertifikaya güvenmesi istenir.",
  "generateOptionsSchema.console.externalTerminal.enumDescription": "Hedef işlem kendi dış terminali içinde çalıştırılır. Bu modu kullanırken, odağı Visual Studio Code ve dış terminal penceresi arasında değiştirmeniz gerekir.",
  "generateOptionsSchema.console.integratedTerminal.enumDescription": "Hedef işlem VS Code tümleşik terminali içinde çalıştırılır.",
  "generateOptionsSchema.console.internalConsole.enumDescription": "Hedef işlemin konsol girişi (stdin) ve çıkışı (stdout/stderr) VS Code Hata Ayıklama Konsolu aracılığıyla yönlendirilir.",
  "generateOptionsSchema.console.markdownDescription": "Hedef programın hangi konsolda başlatılması gerektiğini belirtir. Daha fazla bilgi için https://aka.ms/VSCode-CS-LaunchJson-Console sayfasına bakın.",
  "generateOptionsSchema.console.settingsDescription": "**Not:** _Bu seçenek yalnıza `dotnet` hata ayıklama yapılandırması türüyle başlatılan konsol projeleri için kullanılabilir_.\r\n\r\nHedef programın hangi konsolda başlatılması gerektiğini belirtir. Daha fazla bilgi için https://aka.ms/VSCode-CS-LaunchJson-Console sayfasına bakın.",
  "generateOptionsSchema.cwd.description": "Hataları ayıklanan programın çalışma dizininin yolu. Varsayılan, geçerli çalışma alanıdır.",
  "generateOptionsSchema.enableStepFiltering.markdownDescription": "Özellikler ve İşleçler üzerinde adımlamayı etkinleştiren bayrak. Bu seçenek varsayılan olarak `true` değerini alır.",
  "generateOptionsSchema.env.description": "Programa geçirilen ortam değişkenleri.",
  "generateOptionsSchema.envFile.markdownDescription": "Bir dosya tarafından programa geçirilen ortam değişkenleri. Ör. '${workspaceFolder}/.env'",
  "generateOptionsSchema.externalConsole.markdownDescription": "`externalConsole` özniteliği kullanım dışı, bunun yerine `console` özniteliğini kullanın. Bu seçenek varsayılan olarak `false` değerini alır.",
  "generateOptionsSchema.justMyCode.markdownDescription": "Etkinleştirildiğinde (varsayılan) hata ayıklayıcısı, sistem kodunu ve iyileştirilmiş ya da hata ayıklama sembollerine sahip olmayan diğer kodu yok sayarak yalnızca kullanıcı kodunu (\"Kodum\") görüntüler ve bu koda geçer. [Daha fazla bilgi](https://aka.ms/VSCode-CS-LaunchJson-JustMyCode)",
  "generateOptionsSchema.launchBrowser.args.description": "Tarayıcıyı açmak için komuta geçirilecek bağımsız değişkenler. Bu yalnızca platforma özgü öğe (`osx`, `linux` veya `windows`) `args` için bir değer belirtmiyorsa kullanılır. Sunucunun dinlediği adresi otomatik olarak kullanmak için ${auto-detect-url} kullanın.",
  "generateOptionsSchema.launchBrowser.description": "Başlatmanın bir parçası olarak web tarayıcısı başlatma seçeneklerini açıklar",
  "generateOptionsSchema.launchBrowser.enabled.description": "Web tarayıcısı başlatmanın etkin olup olmadığını belirtir. Bu seçenek varsayılan olarak `true` değerini alır.",
  "generateOptionsSchema.launchBrowser.linux.args.description": "Tarayıcıyı açmak için komuta geçirilecek bağımsız değişkenler. Sunucunun dinlediği adresi otomatik olarak kullanmak için ${auto-detect-url} kullanın.",
  "generateOptionsSchema.launchBrowser.linux.command.description": "Web tarayıcısını başlatacak yürütülebilir dosya.",
  "generateOptionsSchema.launchBrowser.linux.description": "Linux’a özgü web başlatma yapılandırma seçenekleri. Varsayılan olarak bu işlem tarayıcıyı `xdg-open` kullanarak başlatır.",
  "generateOptionsSchema.launchBrowser.osx.args.description": "Tarayıcıyı açmak için komuta geçirilecek bağımsız değişkenler. Sunucunun dinlediği adresi otomatik olarak kullanmak için ${auto-detect-url} kullanın.",
  "generateOptionsSchema.launchBrowser.osx.command.description": "Web tarayıcısını başlatacak yürütülebilir dosya.",
  "generateOptionsSchema.launchBrowser.osx.description": "OSX’e özgü web başlatma yapılandırma seçenekleri. Varsayılan olarak bu işlem tarayıcıyı `open` kullanarak başlatır.",
  "generateOptionsSchema.launchBrowser.windows.args.description": "Tarayıcıyı açmak için komuta geçirilecek bağımsız değişkenler. Sunucunun dinlediği adresi otomatik olarak kullanmak için ${auto-detect-url} kullanın.",
  "generateOptionsSchema.launchBrowser.windows.command.description": "Web tarayıcısını başlatacak yürütülebilir dosya.",
  "generateOptionsSchema.launchBrowser.windows.description": "Windows'a özgü web başlatma yapılandırma seçenekleri. Varsayılan olarak bu işlem tarayıcıyı 'cmd /c start' kullanarak başlatır.",
  "generateOptionsSchema.launchSettingsFilePath.markdownDescription": "Bir launchSettings.json dosyasının yolu. Bu ayarlanmamışsa hata ayıklayıcısı `{cwd}/Properties/launchSettings.json` içinde arama yapar.",
  "generateOptionsSchema.launchSettingsProfile.description": "Belirtilmişse kullanılacak launchSettings.json dosyasındaki profilin adını belirtir. Bu, launchSettings.json bulunamazsa yoksayılır. Belirtilen yoldan okunacak launchSettings.json 'launchSettingsFilePath' özelliği veya ayarlanmamışsa {cwd}/Properties/launchSettings.json olmalıdır. Bu, null veya boş bir dize olarak ayarlanırsa launchSettings.json yoksayılır. Bu değer belirtilmezse ilk 'Project' profili kullanılır.",
  "generateOptionsSchema.logging.browserStdOut.markdownDescription": "Web tarayıcısının başlatılmasından kaynaklanan stdout metninin çıkış penceresine kaydedilip kaydedilmeyeceğini belirleyen bayrak. Bu seçenek varsayılan olarak `true` değerini alır.",
  "generateOptionsSchema.logging.consoleUsageMessage.description": "Hedef işlem bir 'Console.Read*' API'sini çağırdığında ve stdin konsola yönlendirildiğinde bir mesajın günlüğe kaydedilip kaydedilmediğini kontrol eder.",
  "generateOptionsSchema.logging.description": "Çıkış penceresine ne tür iletilerin kaydedilmesi gerektiğini belirleyen bayraklar.",
  "generateOptionsSchema.logging.diagnosticsLog.debugEngineAPITracing.all.enumDescription": "Tüm hata ayıklayıcı API çağrılarını yazdır. Bu çok ayrıntılı.",
  "generateOptionsSchema.logging.diagnosticsLog.debugEngineAPITracing.error.enumDescription": "Hata ayıklayıcı API çağrılarından kaynaklanan yazdırma hataları.",
  "generateOptionsSchema.logging.diagnosticsLog.debugEngineAPITracing.markdownDescription": "Microsoft.VisualStudio.Debugger.Engine/vsdebugeng.h'ye API çağrılarının çıkış penceresine yazdırılıp yazdırılmayacağını kontrol eder. Bu seçenek varsayılan olarak `yok`tur.",
  "generateOptionsSchema.logging.diagnosticsLog.debugEngineAPITracing.none.enumDescription": "İzleme API çağrılarını devre dışı bırak",
  "generateOptionsSchema.logging.diagnosticsLog.debugRuntimeEventTracing.markdownDescription": "Temel çalışma zamanı tarafından oluşturulan olaylar için ayrıntılı izlemenin etkinleştirilip etkinleştirilmeyeceğini belirleyen bayrak. Bu seçenek varsayılan olarak `false` değerini alır.",
  "generateOptionsSchema.logging.diagnosticsLog.description": "Hata ayıklayıcının tanılama günlüğünden çıkış penceresine hangi mesajların yazdırılacağını kontrol eden ayarlar. Bu günlüğün amacı hata ayıklayıcıyla ilgili sorunları gidermeye yardımcı olmaktır.",
  "generateOptionsSchema.logging.diagnosticsLog.dispatcherMessages.error.enumDescription": "Hata düzeyinde tanılama mesajlarını yazdırın.",
  "generateOptionsSchema.logging.diagnosticsLog.dispatcherMessages.important.enumDescription": "Önemli tanılama mesajlarını yazdırın.",
  "generateOptionsSchema.logging.diagnosticsLog.dispatcherMessages.markdownDescription": "Hata ayıklayıcının göndericisinden hangi mesajların çıktı penceresine yazdırılacağını kontrol eder. Belirtilmezse, ayrıntılı günlük ayarlarından biri etkinleştirilmediği sürece (\"debugEngineAPITracing\", \"debugRuntimeEventTracing\", \"expressionEvaluationTracing\" veya \"startDebuggingTracing\") bu varsayılan olarak \"none\" olacaktır; bu durumda varsayılan ayar \"normal\" olarak değişir.",
  "generateOptionsSchema.logging.diagnosticsLog.dispatcherMessages.none.enumDescription": "Ek tanılama iletilerini yazdırma.",
  "generateOptionsSchema.logging.diagnosticsLog.dispatcherMessages.normal.enumDescription": "Ayrıntılı olmayan tüm tanılama mesajlarını yazdırın.",
  "generateOptionsSchema.logging.diagnosticsLog.expressionEvaluationTracing.markdownDescription": "İfade değerlendirmesi için ayrıntılı izlemenin etkinleştirilip etkinleştirilmeyeceğini belirleyen işaret. Bu seçenek varsayılan olarak `false` değerini alır.",
  "generateOptionsSchema.logging.diagnosticsLog.protocolMessages.markdownDescription": "C# hata ayıklayıcısı ile kullanıcı arayüzü arasında alınıp verilen DAP protokolü mesajlarının çıkış penceresine kaydedilmesi gerekip gerekmediğini belirleyen bayrak. Bu seçenek varsayılan olarak `false` değerini alır.",
  "generateOptionsSchema.logging.diagnosticsLog.startDebuggingTracing.markdownDescription": "Hata ayıklamayı başlatma için ayrıntılı izlemenin etkin olup olmadığını belirleyen bayrak. Bu seçenek varsayılan olarak `false` değerini alır.",
  "generateOptionsSchema.logging.elapsedTiming.markdownDescription": "Doğruysa, protokol mesajı günlüğü, bir isteğin aldığı süreyi mikrosaniye cinsinden belirtmek için \"adapterElapsedTime\" ve \"engineElapsedTime\" özelliklerini içerecektir. Bu seçenek varsayılan olarak `false` değerini alır.",
  "generateOptionsSchema.logging.engineLogging.deprecationMessage": "'logging.engineLogging' ayarı, 'logging.diagnosticsLog.protocolMessages' yerine kullanımdan kaldırıldı.",
  "generateOptionsSchema.logging.exceptions.markdownDescription": "Özel durum iletilerinin çıkış penceresine kaydedilmesinin gerekip gerekmediğini belirleyen bayrak. Varsayılan olarak `true` değerini alır.",
  "generateOptionsSchema.logging.moduleLoad.markdownDescription": "Modül yükleme olaylarının çıkış penceresine kaydedilmesinin gerekip gerekmediğini belirleyen bayrak. Bu seçenek varsayılan olarak `true` değerini alır.",
  "generateOptionsSchema.logging.processExit.markdownDescription": "Hedef işlem çıkış yaptığında veya hata ayıklama durdurulduğunda bir iletinin günlüğe kaydedilip kaydedilmeyeceğini denetler. Bu seçenek varsayılan olarak `true` değerini alır.",
  "generateOptionsSchema.logging.programOutput.markdownDescription": "Dış konsol kullanmadığında program çıkışının, çıkış penceresine kaydedip kaydedilmeyeceğini belirleyen bayrak. Bu seçenek varsayılan olarak `true` değerini alır.",
  "generateOptionsSchema.logging.threadExit.markdownDescription": "Hedef işlemdeki bir iş parçacığı çıkış yaptığında bir iletinin günlüğe kaydedilip kaydedilmeyeceğini denetler. Bu seçenek varsayılan olarak 'false' değerini alır.",
  "generateOptionsSchema.pipeTransport.debuggerPath.description": "Hedef makinedeki hata ayıklayıcısının tam yolu.",
  "generateOptionsSchema.pipeTransport.description": "Mevcut olduğunda, hata ayıklayıcısına, VS Code ile .NET Core hata ayıklayıcısı arka uç yürütülebilir dosyası (vsdbg) arasında standart giriş/çıkış geçişi sağlayan bir kanal olarak görev yapacak başka bir yürütülebilir dosya aracılığıyla uzak bilgisayara bağlanmasını söyler.",
  "generateOptionsSchema.pipeTransport.linux.description": "Linux’a özgü kanal başlatma yapılandırma seçenekleri",
  "generateOptionsSchema.pipeTransport.linux.pipeArgs.0.description": "Kanal programına geçirilen komut satırı bağımsız değişkenleri. PipeArgs’daki ${debuggerCommand} belirteci tam hata ayıklayıcısı komutuyla değiştirilir, bu belirteç diğer bağımsız değişkenlerle uyumlu şekilde belirtilebilir. ${debuggerCommand} herhangi bir bağımsız değişkende kullanılmazsa, bunun yerine tam hata ayıklayıcısı komutu bağımsız değişken listesinin sonuna eklenir.",
  "generateOptionsSchema.pipeTransport.linux.pipeArgs.1.description": "Kanal programına geçirilen komut satırı bağımsız değişkenlerinin dizeleştirilmiş sürümü. PipeArgs’daki ${debuggerCommand} belirteci tam hata ayıklayıcısı komutuyla değiştirilir, bu belirteç diğer bağımsız değişkenlerle uyumlu şekilde belirtilebilir. ${debuggerCommand} herhangi bir bağımsız değişkende kullanılmazsa bunun yerine tam hata ayıklayıcısı komutu bağımsız değişken listesinin sonuna eklenir.",
  "generateOptionsSchema.pipeTransport.linux.pipeCwd.description": "Kanal programı için çalışma dizininin tam yolu.",
  "generateOptionsSchema.pipeTransport.linux.pipeEnv.description": "Kanal programına geçirilen ortam değişkenleri.",
  "generateOptionsSchema.pipeTransport.linux.pipeProgram.description": "Çalıştırılacak tam kanal komutu.",
  "generateOptionsSchema.pipeTransport.linux.quoteArgs.description": "Tırnak içine alınması gereken karakterler (örnek: boşluklar) içeren bağımsız değişkenler tırnak içine alınmalı mı? Varsayılan olarak `true değerini alır. False olarak ayarlanırsa hata ayıklayıcısı komutu artık otomatik olarak tırnak içine alınmaz.",
  "generateOptionsSchema.pipeTransport.osx.description": "OSX'e özgü kanal başlatma yapılandırma seçenekleri",
  "generateOptionsSchema.pipeTransport.osx.pipeArgs.0.description": "Kanal programına geçirilen komut satırı bağımsız değişkenleri. PipeArgs’daki ${debuggerCommand} belirteci tam hata ayıklayıcısı komutuyla değiştirilir, bu belirteç diğer bağımsız değişkenlerle uyumlu şekilde belirtilebilir. ${debuggerCommand} herhangi bir bağımsız değişkende kullanılmazsa, bunun yerine tam hata ayıklayıcısı komutu bağımsız değişken listesinin sonuna eklenir.",
  "generateOptionsSchema.pipeTransport.osx.pipeArgs.1.description": "Kanal programına geçirilen komut satırı bağımsız değişkenlerinin dizeleştirilmiş sürümü. PipeArgs’daki ${debuggerCommand} belirteci tam hata ayıklayıcısı komutuyla değiştirilir, bu belirteç diğer bağımsız değişkenlerle uyumlu şekilde belirtilebilir. ${debuggerCommand} herhangi bir bağımsız değişkende kullanılmazsa bunun yerine tam hata ayıklayıcısı komutu bağımsız değişken listesinin sonuna eklenir.",
  "generateOptionsSchema.pipeTransport.osx.pipeCwd.description": "Kanal programı için çalışma dizininin tam yolu.",
  "generateOptionsSchema.pipeTransport.osx.pipeEnv.description": "Kanal programına geçirilen ortam değişkenleri.",
  "generateOptionsSchema.pipeTransport.osx.pipeProgram.description": "Çalıştırılacak tam kanal komutu.",
  "generateOptionsSchema.pipeTransport.osx.quoteArgs.description": "Tırnak içine alınması gereken karakterler (örnek: boşluklar) içeren bağımsız değişkenler tırnak içine alınmalı mı? Varsayılan olarak `true değerini alır. False olarak ayarlanırsa hata ayıklayıcısı komutu artık otomatik olarak tırnak içine alınmaz.",
  "generateOptionsSchema.pipeTransport.pipeArgs.0.description": "Kanal programına geçirilen komut satırı bağımsız değişkenleri. PipeArgs’daki ${debuggerCommand} belirteci tam hata ayıklayıcısı komutuyla değiştirilir, bu belirteç diğer bağımsız değişkenlerle uyumlu şekilde belirtilebilir. ${debuggerCommand} herhangi bir bağımsız değişkende kullanılmazsa, bunun yerine tam hata ayıklayıcısı komutu bağımsız değişken listesinin sonuna eklenir.",
  "generateOptionsSchema.pipeTransport.pipeArgs.1.description": "Kanal programına geçirilen komut satırı bağımsız değişkenlerinin dizeleştirilmiş sürümü. PipeArgs’daki ${debuggerCommand} belirteci tam hata ayıklayıcısı komutuyla değiştirilir, bu belirteç diğer bağımsız değişkenlerle uyumlu şekilde belirtilebilir. ${debuggerCommand} herhangi bir bağımsız değişkende kullanılmazsa bunun yerine tam hata ayıklayıcısı komutu bağımsız değişken listesinin sonuna eklenir.",
  "generateOptionsSchema.pipeTransport.pipeCwd.description": "Kanal programı için çalışma dizininin tam yolu.",
  "generateOptionsSchema.pipeTransport.pipeEnv.description": "Kanal programına geçirilen ortam değişkenleri.",
  "generateOptionsSchema.pipeTransport.pipeProgram.description": "Çalıştırılacak tam kanal komutu.",
  "generateOptionsSchema.pipeTransport.quoteArgs.description": "Tırnak içine alınması gereken karakterler (örnek: boşluklar) içeren bağımsız değişkenler tırnak içine alınmalı mı? Varsayılan olarak `true değerini alır. False olarak ayarlanırsa hata ayıklayıcısı komutu artık otomatik olarak tırnak içine alınmaz.",
  "generateOptionsSchema.pipeTransport.windows.description": "Windows’a özgü kanal başlatma yapılandırma seçenekleri",
  "generateOptionsSchema.pipeTransport.windows.pipeArgs.0.description": "Kanal programına geçirilen komut satırı bağımsız değişkenleri. PipeArgs’daki ${debuggerCommand} belirteci tam hata ayıklayıcısı komutuyla değiştirilir, bu belirteç diğer bağımsız değişkenlerle uyumlu şekilde belirtilebilir. ${debuggerCommand} herhangi bir bağımsız değişkende kullanılmazsa, bunun yerine tam hata ayıklayıcısı komutu bağımsız değişken listesinin sonuna eklenir.",
  "generateOptionsSchema.pipeTransport.windows.pipeArgs.1.description": "Kanal programına geçirilen komut satırı bağımsız değişkenlerinin dizeleştirilmiş sürümü. PipeArgs’daki ${debuggerCommand} belirteci tam hata ayıklayıcısı komutuyla değiştirilir, bu belirteç diğer bağımsız değişkenlerle uyumlu şekilde belirtilebilir. ${debuggerCommand} herhangi bir bağımsız değişkende kullanılmazsa bunun yerine tam hata ayıklayıcısı komutu bağımsız değişken listesinin sonuna eklenir.",
  "generateOptionsSchema.pipeTransport.windows.pipeCwd.description": "Kanal programı için çalışma dizininin tam yolu.",
  "generateOptionsSchema.pipeTransport.windows.pipeEnv.description": "Kanal programına geçirilen ortam değişkenleri.",
  "generateOptionsSchema.pipeTransport.windows.pipeProgram.description": "Çalıştırılacak tam kanal komutu.",
  "generateOptionsSchema.pipeTransport.windows.quoteArgs.description": "Tırnak içine alınması gereken karakterler (örnek: boşluklar) içeren bağımsız değişkenler tırnak içine alınmalı mı? Varsayılan olarak `true değerini alır. False olarak ayarlanırsa hata ayıklayıcısı komutu artık otomatik olarak tırnak içine alınmaz.",
  "generateOptionsSchema.processId.0.markdownDescription": "Eklenecek işlem kimliği. Eklenecek çalışan işlemlerin listesini almak için \"\" işaretini kullanın. `processId` kullanılırsa, `processName` kullanılmamalıdır.",
  "generateOptionsSchema.processId.1.markdownDescription": "Eklenecek işlem kimliği. Eklenecek çalışan işlemlerin listesini almak için \"\" işaretini kullanın. `processId` kullanılırsa, `processName` kullanılmamalıdır.",
  "generateOptionsSchema.processName.markdownDescription": "Eklenecek işlem adı. Bu kullanılırsa `processId` kullanılmamalıdır.",
  "generateOptionsSchema.program.markdownDescription": "Başlatılacak uygulama dll dosyasının veya .NET Core ana bilgisayar yürütülebilir dosyasının yolu.\r\nBu özellik normalde şu biçimdedir: '${workspaceFolder}/bin/Debug/(target-framework)/(project-name.dll)'\r\n\r\nÖrnek: '${workspaceFolder}/bin/Debug/netcoreapp1.1/MyProject.dll'\r\n\r\nHataları ayıklanan projenin\r\nderlendiği çerçeve '(target-framework)' olduğunda. Bu, normalde proje dosyasında 'TargetFramework' özelliği olarak bulunur.\r\n\r\n'(project-name.dll)', hataları ayıklanan projenin derleme çıkışı dll'inin adıdır. Bu, normalde proje dosya adıyla aynıdır ancak bir '.dll' uzantısı vardır.",
  "generateOptionsSchema.requireExactSource.markdownDescription": "Geçerli kaynak kodunun pdb ile eşleşmesini gerektiren bayrak. Bu seçenek varsayılan olarak `true` değerini alır.",
  "generateOptionsSchema.sourceFileMap.markdownDescription": "Derleme zamanı yollarını yerel kaynak konumlara eşler. Derleme zamanı yolunun tüm örnekleri yerel kaynak yolu ile değiştirilir.\r\n\r\nÖrnek:\r\n\r\n`{\"<build-path>\":\"<local-source-path>\"}`",
  "generateOptionsSchema.sourceLinkOptions.additionalItems.enabled.markdownDescription": "Bu URL için Source Link etkin mi? Belirtilmezse bu seçenek varsayılan olarak `true` değerini alır.",
  "generateOptionsSchema.sourceLinkOptions.markdownDescription": "Source Link’in web sunucularına nasıl bağlanacağını denetleme seçenekleri. [Daha fazla bilgi](https://aka.ms/VSCode-DotNet-SourceLink)",
  "generateOptionsSchema.stopAtEntry.markdownDescription": "True ise hata ayıklayıcısı hedefin giriş noktasında durmalıdır. Bu seçenek varsayılan olarak `false` değerini alır.",
  "generateOptionsSchema.suppressJITOptimizations.markdownDescription": "True ise hedef işlemde iyileştirilmiş bir modül (Sürüm yapılandırmasındaki .dll derlemesi) yüklendiğinde hata ayıklayıcısı, JIT derleyicisinden iyileştirmelerin devre dışı olduğu kod oluşturmasını ister. [Daha fazla bilgi](https://aka.ms/VSCode-CS-LaunchJson-SuppressJITOptimizations)",
  "generateOptionsSchema.symbolOptions.cachePath.description": "Sembol sunucularından indirilen sembollerin önbelleğe alınacağı dizin. Belirtilmezse Windows'da hata ayıklayıcısı varsayılan olarak %TEMP%\\SymbolCache değerini alır. Linux ve macOS'ta ise hata ayıklayıcısı varsayılan olarak ~/.dotnet/symbolcache değerini alır.",
  "generateOptionsSchema.symbolOptions.description": "Simgelerin (.pdb dosyaları) nasıl bulunup yüklendiğini denetleme seçenekleri.",
  "generateOptionsSchema.symbolOptions.moduleFilter.description": "Hata ayıklayıcısının simgeleri (.pdb dosyaları) yüklemeye çalışacağı modülü (.dll dosyaları) denetlemeye yönelik seçenekleri sağlar.",
  "generateOptionsSchema.symbolOptions.moduleFilter.excludedModules.description": "Hata ayıklayıcısının, sembolleri YÜKLEMEMESİ gereken modül dizisi. Joker karakterler (ör. MyCompany.*.dll) desteklenir.\r\n\r\n'Mode' değeri 'loadAllButExcluded' olarak ayarlanmadıkça bu özellik yoksayılır.",
  "generateOptionsSchema.symbolOptions.moduleFilter.includeSymbolsNextToModules.description": "True ise hata ayıklayıcısı, 'includedModules' dizisinde OLMAYAN herhangi bir modül için modülün ve başlatılan yürütülebilir dosyanın yanında denetlemeye devam eder ancak sembol arama listesindeki yolları denetlemez.\r\n\r\nBu seçenek varsayılan olarak 'true' şeklinde ayarlanır. 'Mode', 'loadOnlyIncluded' olarak ayarlanmadıkça bu özellik yoksayılır.",
  "generateOptionsSchema.symbolOptions.moduleFilter.includeSymbolsOnDemand.description": "Doğruysa, 'includedModules' dizisinde OLMAYAN herhangi bir modül için hata ayıklayıcı, modüle adım atmaya çalışırken olduğu gibi sembollerin gerekli olduğunu algıladığında sembolleri indirmeye çalışacaktır. Bu seçenek varsayılan olarak 'true'dur.\r\n\r\n'mode' değeri 'loadOnlyIncluded' olarak ayarlanmadıkça bu özellik yoksayılır.",
  "generateOptionsSchema.symbolOptions.moduleFilter.includedModules.description": "Hata ayıklayıcısının, sembolleri yüklemesi gereken modül dizisi. Joker karakterler (ör. MyCompany.*.dll) desteklenir.\r\n\r\n'Mode' değeri 'loadOnlyIncluded' olarak ayarlanmadıkça bu özellik yoksayılır.",
  "generateOptionsSchema.symbolOptions.moduleFilter.mode.description": "Modül filtresinin iki temel işletim modundan hangisinde çalışacağını denetler.",
  "generateOptionsSchema.symbolOptions.moduleFilter.mode.loadAllButExcluded.enumDescription": "Modül 'excludedModules' dizisinde değilse tüm modüllerin sembollerini yükleyin.",
  "generateOptionsSchema.symbolOptions.moduleFilter.mode.loadOnlyIncluded.enumDescription": "'includedModules' dizisinde olmayan veya 'includeSymbolsNextToModules' ayarı aracılığıyla eklenmeyen modüller için sembol yüklemeye çalışmayın.",
  "generateOptionsSchema.symbolOptions.searchMicrosoftSymbolServer.description": "'True' ise, Microsoft Sembol sunucusu (https​://msdl.microsoft.com​/download/symbols) sembol arama yoluna eklenir. Belirtilmezse, bu seçenek varsayılan olarak 'false' değerine ayarlanır.",
  "generateOptionsSchema.symbolOptions.searchNuGetOrgSymbolServer.description": "'True' ise NuGet sembol sunucusu (https​://symbols.nuget.org​/download/symbols) sembol arama yoluna eklenir. Belirtilmezse bu seçenek varsayılan olarak 'false' değerine ayarlanır.",
  "generateOptionsSchema.symbolOptions.searchPaths.description": ".pdb dosyalarını aramak için sembol sunucusuURL'leri (example: http​://MyExampleSymbolServer) veya dizinler (example: /build/symbols) dizisi. Bu dizinler, varsayılan konumlara (modülün ve pdb'nin ilk bırakıldığı yolun yanında) ek olarak aranır.",
  "generateOptionsSchema.targetArchitecture.markdownDescription": "[Yalnızca yerel macOS hata ayıklamasında desteklenir]\r\n\r\nHata ayıklanan mimarisi. Bu parametre ayarlanmazsa, bu değer otomatik olarak algılanır. İzin verilen değerler şunlardır: `x86_64` veya `arm64`.",
  "generateOptionsSchema.targetOutputLogPath.description": "Ayarlandığında hedef uygulamanın stdout ve stderr'a (ör. Console.WriteLine) yazdığı metin belirtilen dosyaya kaydedilir. Konsol, internalConsole dışında bir değere ayarlanmışsa bu seçenek yoksayılır. Ör. '${workspaceFolder}/out.txt'",
  "viewsWelcome.debug.contents": "[Derleme ve Hata Ayıklama için C# Varlıkları Oluşturma](command:dotnet.generateAssets)\r\n\r\nlaunch.json hakkında daha fazla bilgi edinmek için bkz. [C# hata ayıklaması için launch.json yapılandırma](https://aka.ms/VSCode-CS-LaunchJson)."
}