{
  "command.csharp.attachToProcess": "Присоединение к процессу .NET 5+ или .NET Core.",
  "command.csharp.downloadDebugger": "Скачать отладчик .NET Core",
  "command.csharp.listProcess": "Перечислить процесс для вложения",
  "command.csharp.listRemoteDockerProcess": "Список процессов подключения к Docker",
  "command.csharp.listRemoteProcess": "Список процессов при удаленном подключении для вложения",
  "command.csharp.reportIssue": "Сообщить о проблеме",
  "command.csharp.showDecompilationTerms": "Показать соглашение об условиях декомпиляции",
  "command.dotnet.generateAssets.currentProject": "Создание ресурсов для сборки и отладки",
  "command.dotnet.openSolution": "Открыть решение",
  "command.dotnet.restartServer": "Перезапустить языковой сервер",
  "command.dotnet.restore.all": "Восстановить все проекты",
  "command.dotnet.restore.project": "Восстановить проект",
  "command.dotnet.test.debugTestsInContext": "Отладочные тесты в контексте",
  "command.dotnet.test.runTestsInContext": "Выполнить тесты в контексте",
  "command.extension.showRazorCSharpWindow": "Показать CSharp Razor",
  "command.extension.showRazorHtmlWindow": "Показать HTML Razor",
  "command.o.fixAll.document": "Исправить все случаи возникновения проблем с кодом в документе.",
  "command.o.fixAll.project": "Исправление всех случаев возникновения проблем с кодом в проекте.",
  "command.o.fixAll.solution": "Исправить все случаи возникновения проблем с кодом в решении.",
  "command.o.pickProjectAndStart": "Выбор проекта",
  "command.o.reanalyze.allProjects": "Анализ всех проектов",
  "command.o.reanalyze.currentProject": "Анализ текущего проекта",
  "command.o.restart": "Перезапустить OmniSharp",
  "command.razor.reportIssue": "Сообщить о проблеме Razor",
  "configuration.csharp.inlayHints.enableInlayHintsForImplicitObjectCreation": "Показать указания для неявного создания объекта",
  "configuration.csharp.inlayHints.enableInlayHintsForImplicitVariableTypes": "Отображать подсказки для переменных с выводимыми типами",
  "configuration.csharp.inlayHints.enableInlayHintsForIndexerParameters": "Отображать подсказки для индексаторов",
  "configuration.csharp.inlayHints.enableInlayHintsForLambdaParameterTypes": "Отображать подсказки для типов лямбда-параметров",
  "configuration.csharp.inlayHints.enableInlayHintsForTypes": "Отображать подсказки для встроенных типов",
  "configuration.dotnet.backgroundAnalysis.analyzerDiagnosticsScope": "Выполнить анализ кода в фоновом режиме для: (ранее — \"omnisharp.enableRoslynAnalyzers\")",
  "configuration.dotnet.backgroundAnalysis.analyzerDiagnosticsScope.fullSolution": "Все решение",
  "configuration.dotnet.backgroundAnalysis.analyzerDiagnosticsScope.none": "Нет",
  "configuration.dotnet.backgroundAnalysis.analyzerDiagnosticsScope.openFiles": "Открыть документы",
  "configuration.dotnet.backgroundAnalysis.compilerDiagnosticsScope": "Показывать ошибки и предупреждения компилятора для:",
  "configuration.dotnet.backgroundAnalysis.compilerDiagnosticsScope.fullSolution": "Все решение",
  "configuration.dotnet.backgroundAnalysis.compilerDiagnosticsScope.none": "Нет",
  "configuration.dotnet.backgroundAnalysis.compilerDiagnosticsScope.openFiles": "Открыть документы",
  "configuration.dotnet.codeLens.enableReferencesCodeLens": "Указывает, следует ли отображать CodeLens ссылок. (Ранее — \"csharp.referencesCodeLens.enabled\")",
  "configuration.dotnet.codeLens.enableTestsCodeLens": "Указывает, следует ли отображать CodeLens тестового запуска и отладки. (Ранее — \"csharp.testsCodeLens.enabled\")",
  "configuration.dotnet.completion.provideRegexCompletions": "Отображение регулярных выражений в списке завершения.",
  "configuration.dotnet.completion.showCompletionItemsFromUnimportedNamespaces": "Включает поддержку отображения неимпортированных типов и неимпортированных методов расширения в списках завершения. При фиксации соответствующая директива использования будет добавлена в начало текущего файла. (Ранее — \"omnisharp.enableImportCompletion\")",
  "configuration.dotnet.completion.showNameCompletionSuggestions": "Выполните автоматическое завершение имен объектов для выбранных элементов.",
  "configuration.dotnet.defaultSolution.description": "Путь к решению по умолчанию, которое будет открыто в рабочей области. Или задайте значение \"Отключить\", чтобы пропустить его. (Ранее — \"omnisharp.defaultLaunchSolution\")",
  "configuration.dotnet.dotnetPath": "Указывает путь к каталогу установки dotnet для использования вместо стандартного системного каталога. Это влияет только на установку dotnet, используемую для размещения самого языкового сервера. Пример: \"/home/username/mycustomdotnetdirectory\".",
  "configuration.dotnet.highlighting.highlightRelatedJsonComponents": "Выделить связанные компоненты JSON под курсором.",
  "configuration.dotnet.highlighting.highlightRelatedRegexComponents": "Выделение связанных компонентов регулярных выражений под курсором.",
  "configuration.dotnet.implementType.insertionBehavior": "Расположение вставки свойств, событий и методов. При реализации интерфейса или абстрактного класса.",
  "configuration.dotnet.implementType.insertionBehavior.atTheEnd": "Поместите их в конец.",
  "configuration.dotnet.implementType.insertionBehavior.withOtherMembersOfTheSameKind": "Поместите их вместе с другими элементами того же типа.",
  "configuration.dotnet.implementType.propertyGenerationBehavior": "Поведение создания свойств при реализации интерфейса или абстрактного класса.",
  "configuration.dotnet.implementType.propertyGenerationBehavior.preferAutoProperties": "Предпочитать автосвойства.",
  "configuration.dotnet.implementType.propertyGenerationBehavior.preferThrowingProperties": "Предпочитать свойства, создающие исключения.",
  "configuration.dotnet.inlayHints.enableInlayHintsForLiteralParameters": "Отображать подсказки для литералов",
  "configuration.dotnet.inlayHints.enableInlayHintsForObjectCreationParameters": "Отображать подсказки для выражений \"new\"",
  "configuration.dotnet.inlayHints.enableInlayHintsForOtherParameters": "Отображать подсказки для всех остальных элементов",
  "configuration.dotnet.inlayHints.enableInlayHintsForParameters": "Отображать подсказки для имен встроенных параметров",
  "configuration.dotnet.inlayHints.suppressInlayHintsForParametersThatDifferOnlyBySuffix": "Скрывать подсказки, если имена параметров различаются только суффиксом.",
  "configuration.dotnet.inlayHints.suppressInlayHintsForParametersThatMatchArgumentName": "Скрывать подсказки, когда аргумент соответствует имени параметра",
  "configuration.dotnet.inlayHints.suppressInlayHintsForParametersThatMatchMethodIntent": "Скрывать подсказки, если имя параметра соответствует намерению метода.",
  "configuration.dotnet.navigation.navigateToDecompiledSources": "Включить переход к декомпилированным источникам.",
  "configuration.dotnet.preferCSharpExtension": "Принудительно загружает проекты только с расширением C#.  Это может быть полезно при использовании устаревших типов проектов, которые не поддерживаются C# Dev Kit. (Требуется перезагрузка окна)",
  "configuration.dotnet.projects.enableAutomaticRestore": "Включает автоматическое восстановление NuGet при обнаружении расширением отсутствия ресурсов.",
  "configuration.dotnet.quickInfo.showRemarksInQuickInfo": "Показывать примечания при отображении символа.",
  "configuration.dotnet.server.crashDumpPath": "Задает путь к папке, в которую записываются аварийные дампы в случае сбоя языкового сервера.  Должен быть доступен для записи пользователем.",
  "configuration.dotnet.server.extensionPaths": "Переопределить путь к аргументам --extension сервера языка",
  "configuration.dotnet.server.path": "Указывает абсолютный путь к исполняемому файлу сервера (LSP или O#). Если оставить поле пустым, используется версия, закрепленная в расширении C#. (Ранее — \"omnisharp.path\")",
  "configuration.dotnet.server.startTimeout": "Указывает время ожидания (в миллисекундах) для запуска клиента и его подключения к языковому серверу.",
  "configuration.dotnet.server.trace": "Задает уровень ведения журнала для языкового сервера",
  "configuration.dotnet.server.waitForDebugger": "Передает флаг --debug при запуске сервера, чтобы разрешить подключение отладчика. (Ранее — \"omnisharp.waitForDebugger\")",
  "configuration.dotnet.symbolSearch.searchReferenceAssemblies": "Поиск символов в эталонных сборках. Он влияет на функции, для которых требуется поиск символов, например добавление импортов.",
  "configuration.dotnet.unitTestDebuggingOptions": "Параметры, которые используются с отладчиком при запуске для отладки модульных тестов. (Ранее — \"csharp.unitTestDebuggingOptions\")",
  "configuration.razor.languageServer.debug": "Указывает, следует ли ожидать подключения отладки при запуске языкового сервера.",
  "configuration.razor.languageServer.directory": "Переопределяет путь к каталогу языкового сервера Razor.",
  "configuration.razor.server.trace": "Задает уровень ведения журнала, который будет использоваться для сервера Razor.",
  "debuggers.coreclr.configurationSnippets.description.attach": "Присоедините отладчик .NET (coreclr) к запущенному процессу. Это также можно сделать с помощью команды \"Присоединение к процессу .NET 5+ или .NET Core\".",
  "debuggers.coreclr.configurationSnippets.description.blazor-hosted": "Этот фрагмент кода используется для запуска нового процесса в отладчике Blazor WebAssembly (blazorwasm), указывая путь к исполняемому файлу для запуска. В большинстве случаев фрагмент кода \".NET: запуск проекта C#\" является более оптимальным вариантом, но этот фрагмент можно использовать для полного управления всеми параметрами запуска. Этот фрагмент кода предназначен для размещенных проектов Blazor, которые используют серверное приложение ASP.NET Core для обработки своих файлов.",
  "debuggers.coreclr.configurationSnippets.description.blazor-standalone": "Этот фрагмент кода используется для запуска нового процесса в отладчике Blazor WebAssembly (blazorwasm). В большинстве случаев фрагмент кода \".NET: запуск проекта C#\" является более оптимальным вариантом, но этот фрагмент можно использовать для полного управления всеми параметрами запуска. Этот фрагмент кода предназначен для автономных проектов Blazor, у которых нет серверного приложения ASP.NET Core для обработки своих файлов.",
  "debuggers.coreclr.configurationSnippets.description.console-local": "Этот фрагмент кода используется для запуска нового процесса в отладчике .NET (coreclr), указывая путь к исполняемому файлу для запуска. В большинстве случаев фрагмент кода \".NET: запуск проекта C#\" является более оптимальным вариантом. Этот фрагмент кода удобен, если проект был создан за пределами этого экземпляра VS Code или вы хотите разместить свой экземпляр .NET Code в пользовательском исполняемом файле, например в определенной версии \"dotnet.exe\"/\"dotnet\" или в экземпляре .NET Code, размещенном в собственном приложении. Этот фрагмент кода используется для консольных приложений.",
  "debuggers.coreclr.configurationSnippets.description.remote": "В этом фрагменте кода показано, как удаленно отладить код .NET **без** использования удаленного сеанса VS Code. Его следует использовать в случаях, когда сборку проекта требуется выполнить локально, но при этом запустить его на другом компьютере.",
  "debuggers.coreclr.configurationSnippets.description.web-local": "Этот фрагмент кода используется для запуска нового процесса в отладчике .NET (coreclr), указывая путь к исполняемому файлу для запуска. В большинстве случаев фрагмент кода \".NET: запуск проекта C#\" является более оптимальным вариантом. Этот фрагмент кода удобен, если проект был создан за пределами этого экземпляра VS Code или вы хотите разместить свой экземпляр .NET Code в пользовательском исполняемом файле, например в определенной версии \"dotnet.exe\"/\"dotnet\" или в экземпляре .NET Code, размещенном в собственном приложении. Этот фрагмент кода предназначен для веб-приложений (ASP.NET Core).",
  "debuggers.coreclr.configurationSnippets.label.attach-local": ".NET: присоединение к процессу .NET",
  "debuggers.coreclr.configurationSnippets.label.attach-remote": ".NET: удаленная отладка — присоединение к процессу .NET",
  "debuggers.coreclr.configurationSnippets.label.blazor-hosted": ".NET: веб-сборка — запуск размещенного проекта Blazor",
  "debuggers.coreclr.configurationSnippets.label.blazor-standalone": ".NET: веб-сборка — запуск автономного проекта Blazor",
  "debuggers.coreclr.configurationSnippets.label.console-local": ".NET: запуск исполняемого файла (консоль)",
  "debuggers.coreclr.configurationSnippets.label.console-remote": ".NET: удаленная отладка — запуск исполняемого файла (консоль)",
  "debuggers.coreclr.configurationSnippets.label.web-local": ".NET: запуск исполняемого файла (Интернет)",
  "debuggers.dotnet.configurationSnippets.description": "Этот фрагмент кода настраивает VS Code для отладки проекта C#. Параметры отладки (например, аргументы для исполняемого файла) можно настроить с помощью файла \"<project-directory>/Properties/launchSettings.json\".",
  "debuggers.dotnet.configurationSnippets.label": ".NET: запуск проекта C#",
  "debuggers.dotnet.launch.launchConfigurationId.description": "Используемый идентификатор конфигурации запуска. Если оставить эту строку пустой, будет использоваться текущая активная конфигурация.",
  "debuggers.dotnet.launch.projectPath.description": "Путь к файлу .csproj.",
  "generateOptionsSchema.allowFastEvaluate.description": "Если присвоено значение true (состояние по умолчанию), отладчик попытается ускорить оценку, имитируя выполнение простых свойств и методов.",
  "generateOptionsSchema.args.0.description": "Аргументы командной строки, переданные в программу.",
  "generateOptionsSchema.args.1.description": "Строковая версия аргументов командной строки, переданных в программу.",
  "generateOptionsSchema.checkForDevCert.description": "Если вы запускаете веб-проект в Windows или macOS и этот параметр включен, отладчик выполнит проверку того, есть ли на компьютере самозаверяющий HTTPS-сертификат, используемый для разработки веб-серверов, которые работают в конечных точках HTTPS. Если значение не указано, по умолчанию применяется значение true, когда настроен параметр serverReadyAction. Этот параметр не выполняет никаких действий в Linux, удаленной среде VS Code и сценариях пользовательского веб-интерфейса VS Code. Если HTTPS-сертификат не найден или не является доверенным, пользователю будет предложено установить его или доверять ему.",
  "generateOptionsSchema.console.externalTerminal.enumDescription": "Целевой процесс будет выполняться внутри собственного внешнего терминала. При использовании этого режима необходимо переключать фокус между Visual Studio Code и окном внешнего терминала.",
  "generateOptionsSchema.console.integratedTerminal.enumDescription": "Целевой процесс будет выполняться внутри встроенного терминала VS Code.",
  "generateOptionsSchema.console.internalConsole.enumDescription": "Входные (stdin) и выходные данные (stdout/stderr) консоли целевого процесса перенаправляются через консоль отладки VS Code.",
  "generateOptionsSchema.console.markdownDescription": "Указывает консоль, в которой должна быть запущена целевая программа. Дополнительные сведения: https://aka.ms/VSCode-CS-LaunchJson-Console.",
  "generateOptionsSchema.console.settingsDescription": "**Примечание.** _Этот параметр используется только для консольных проектов, запущенных с типом конфигурации отладки \"dotnet\"_.\r\n\r\nУказывает консоль, в которой должна быть запущена целевая программа. Дополнительные сведения: https://aka.ms/VSCode-CS-LaunchJson-Console.",
  "generateOptionsSchema.cwd.description": "Путь к рабочей папке отлаживаемой программы. По умолчанию используется текущая рабочая область.",
  "generateOptionsSchema.enableStepFiltering.markdownDescription": "Флаг для включения обхода свойств и операторов. По умолчанию этот параметр принимает значение true.",
  "generateOptionsSchema.env.description": "Переменные среды, переданные в программу.",
  "generateOptionsSchema.envFile.markdownDescription": "Переменные среды, передаваемые в программу файлом. Например, \"${workspaceFolder}/.env\"",
  "generateOptionsSchema.externalConsole.markdownDescription": "Атрибут externalConsole является нерекомендуемым. Используйте вместо него атрибут console. По умолчанию этот параметр принимает значение false.",
  "generateOptionsSchema.justMyCode.markdownDescription": "Если этот параметр включен (по умолчанию), отладчик отображает только пользовательский код (\"Мой код\"), игнорируя системный код и другой код, который оптимизирован или не содержит отладочных символов. [Дополнительные сведения](https://aka.ms/VSCode-CS-LaunchJson-JustMyCode)",
  "generateOptionsSchema.launchBrowser.args.description": "Аргументы, передаваемые команде для открытия браузера. Используется, только если в элементе платформы (\"osx\", \"linux\" или \"windows\") не указано значение для \"args\". Используйте ${auto-detect-url}, чтобы автоматически применять адрес, прослушиваемый сервером.",
  "generateOptionsSchema.launchBrowser.description": "Описание параметров для начала работы веб-браузера в рамках запуска",
  "generateOptionsSchema.launchBrowser.enabled.description": "Включен ли запуск веб-браузера. По умолчанию этот параметр принимает значение true.",
  "generateOptionsSchema.launchBrowser.linux.args.description": "Аргументы, передаваемые команде для открытия браузера. Используйте ${auto-detect-url}, чтобы автоматически применять адрес, прослушиваемый сервером.",
  "generateOptionsSchema.launchBrowser.linux.command.description": "Исполняемый файл, запускающий веб-браузер.",
  "generateOptionsSchema.launchBrowser.linux.description": "Параметры конфигурации веб-запуска для Linux. По умолчанию браузер будет запущен с помощью команды \"xdg-open\".",
  "generateOptionsSchema.launchBrowser.osx.args.description": "Аргументы, передаваемые команде для открытия браузера. Используйте ${auto-detect-url}, чтобы автоматически применять адрес, прослушиваемый сервером.",
  "generateOptionsSchema.launchBrowser.osx.command.description": "Исполняемый файл, запускающий веб-браузер.",
  "generateOptionsSchema.launchBrowser.osx.description": "Параметры конфигурации веб-запуска для OSX. По умолчанию браузер будет запущен с помощью команды \"open\".",
  "generateOptionsSchema.launchBrowser.windows.args.description": "Аргументы, передаваемые команде для открытия браузера. Используйте ${auto-detect-url}, чтобы автоматически применять адрес, прослушиваемый сервером.",
  "generateOptionsSchema.launchBrowser.windows.command.description": "Исполняемый файл, запускающий веб-браузер.",
  "generateOptionsSchema.launchBrowser.windows.description": "Параметры конфигурации веб-запуска для Windows. По умолчанию браузер будет запущен с помощью команды \"cmd /c start\".",
  "generateOptionsSchema.launchSettingsFilePath.markdownDescription": "Путь к файлу launchSettings.json. Если этот параметр не настроен, отладчик будет выполнять поиск в \"{cwd}/Properties/launchSettings.json\".",
  "generateOptionsSchema.launchSettingsProfile.description": "Если задано, указывает используемое имя профиля в файле launchSettings.json. Этот параметр игнорируется, если файл launchSettings.json не найден. Файл launchSettings.json будет считываться по пути, указанному свойством launchSettingsFilePath или {cwd}/Properties/launchSettings.json, если это не настроено. Если для этого параметра настроено значение NULL или пустая строка, launchSettings.json игнорируется. Если это значение не указано, будет использоваться первый профиль \"Project\".",
  "generateOptionsSchema.logging.browserStdOut.markdownDescription": "Флаг, определяющий, следует ли регистрировать в окне вывода текст stdout из запуска веб-браузера. По умолчанию этот параметр принимает значение true.",
  "generateOptionsSchema.logging.consoleUsageMessage.description": "Определяет, регистрируется ли сообщение при вызове API \"Console.Read*\" целевым процессом и перенаправлении стандартного ввода на консоль.",
  "generateOptionsSchema.logging.description": "Флаги для определения типов сообщений, регистрируемых в окне вывода.",
  "generateOptionsSchema.logging.diagnosticsLog.debugEngineAPITracing.all.enumDescription": "Печать всех вызовов API отладчика. Это очень подробно.",
  "generateOptionsSchema.logging.diagnosticsLog.debugEngineAPITracing.error.enumDescription": "Печать ошибок из вызовов API отладчика.",
  "generateOptionsSchema.logging.diagnosticsLog.debugEngineAPITracing.markdownDescription": "Определяет, должны ли вызовы API Microsoft.VisualStudio.Debugger.Engine/vsdebugeng.h выводиться в окно вывода. По умолчанию этот параметр принимает значение\"none\".",
  "generateOptionsSchema.logging.diagnosticsLog.debugEngineAPITracing.none.enumDescription": "Отключить трассировку вызовов API",
  "generateOptionsSchema.logging.diagnosticsLog.debugRuntimeEventTracing.markdownDescription": "Флажок, определяющий, следует ли включать подробную трассировку событий, вызываемых базовой средой выполнения. По умолчанию этот параметр принимает значение ИСТИНА.",
  "generateOptionsSchema.logging.diagnosticsLog.description": "Параметры для управления тем, какие сообщения выводятся в окно вывода из журнала диагностики отладчика. Этот журнал предназначен для помощи в устранении проблем с отладчиком.",
  "generateOptionsSchema.logging.diagnosticsLog.dispatcherMessages.error.enumDescription": "Печать диагностических сообщений на уровне ошибок.",
  "generateOptionsSchema.logging.diagnosticsLog.dispatcherMessages.important.enumDescription": "Печатать важные диагностические сообщения.",
  "generateOptionsSchema.logging.diagnosticsLog.dispatcherMessages.markdownDescription": "Управляет тем, какие сообщения выводятся в окно вывода из диспетчера отладчика. Если не указано, по умолчанию будет установлено значение \"none\", если не включена одна из настроек подробного журнала (\"debugEngineAPITracing\", \"debugRuntimeEventTracing\", \"expressionEvaluationTracing\" или \"startDebuggingTracing\"), и в этом случае значение по умолчанию меняется на \"normal\".",
  "generateOptionsSchema.logging.diagnosticsLog.dispatcherMessages.none.enumDescription": "Не печатать дополнительные диагностические сообщения.",
  "generateOptionsSchema.logging.diagnosticsLog.dispatcherMessages.normal.enumDescription": "Печать всех не подробных диагностических сообщений.",
  "generateOptionsSchema.logging.diagnosticsLog.expressionEvaluationTracing.markdownDescription": "Флажок, определяющий, следует ли включать подробную трассировку для оценки выражений. По умолчанию этот параметр принимает значение ИСТИНА.",
  "generateOptionsSchema.logging.diagnosticsLog.protocolMessages.markdownDescription": "Флажок, определяющий, следует ли записывать в окно вывода сообщения протокола DAP, которыми обмениваются отладчик C# и пользовательский интерфейс. По умолчанию этот параметр принимает значение ИСТИНА.",
  "generateOptionsSchema.logging.diagnosticsLog.startDebuggingTracing.markdownDescription": "Флажок, определяющий, следует ли включать подробную трассировку для начала отладки. По умолчанию этот параметр принимает значение ИСТИНА.",
  "generateOptionsSchema.logging.elapsedTiming.markdownDescription": "Если применяется значение ИСТИНА, ведение журнала протокола будет включать свойства \"adapterElapsedTime\" и \"engineElapsedTime\", чтобы указать время (в микросекундах), затраченное на выполнение запроса. По умолчанию этот параметр принимает значение ИСТИНА.",
  "generateOptionsSchema.logging.engineLogging.deprecationMessage": "Параметр \"logging.engineLogging\" является нерекомендуемым в пользу \"logging.diagnosticsLog.protocolMessages\".",
  "generateOptionsSchema.logging.exceptions.markdownDescription": "Флаг, определяющий, следует ли регистрировать сообщения об исключениях в окне вывода. По умолчанию этот параметр принимает значение true.",
  "generateOptionsSchema.logging.moduleLoad.markdownDescription": "Флаг, определяющий, следует ли регистрировать события загрузки модуля в окне вывода. По умолчанию этот параметр принимает значение true.",
  "generateOptionsSchema.logging.processExit.markdownDescription": "Управляет тем, регистрируется ли сообщение при завершении целевого процесса или остановке отладки. По умолчанию этот параметр принимает значение true.",
  "generateOptionsSchema.logging.programOutput.markdownDescription": "Флаг, определяющий, следует ли регистрировать выходные данные программы в окне вывода, если не используется внешняя консоль. По умолчанию этот параметр принимает значение true.",
  "generateOptionsSchema.logging.threadExit.markdownDescription": "Определяет, регистрируется ли сообщение при выходе потока из целевого процесса. По умолчанию этот параметр принимает значение false.",
  "generateOptionsSchema.pipeTransport.debuggerPath.description": "Полный путь к отладчику на целевом компьютере.",
  "generateOptionsSchema.pipeTransport.description": "При наличии сообщает отладчику о необходимости подключения к удаленному компьютеру с помощью другого исполняемого файла в качестве канала, который будет пересылать стандартный ввод и вывод между VS Code и исполняемым файлом отладчика .NET Core в серверной части (VSDBG).",
  "generateOptionsSchema.pipeTransport.linux.description": "Параметры конфигурации запуска канала для Linux",
  "generateOptionsSchema.pipeTransport.linux.pipeArgs.0.description": "Аргументы командной строки, переданные в программу канала. Маркер ${debuggerCommand} в pipeArgs будет заменен полной командой отладчика. Этот маркер можно указать вместе с другими аргументами. Если ${debuggerCommand} не используется ни в одном аргументе, полная команда отладчика будет добавлена в конец списка аргументов.",
  "generateOptionsSchema.pipeTransport.linux.pipeArgs.1.description": "Строковая версия аргументов командной строки, переданных в программу канала. Маркер ${debuggerCommand} в pipeArgs будет заменен полной командой отладчика. Этот маркер можно указать вместе с другими аргументами. Если ${debuggerCommand} не используется ни в одном аргументе, полная команда отладчика будет добавлена в конец списка аргументов.",
  "generateOptionsSchema.pipeTransport.linux.pipeCwd.description": "Полный путь к рабочему каталогу для программы канала.",
  "generateOptionsSchema.pipeTransport.linux.pipeEnv.description": "Переменные среды, переданные в программу канала.",
  "generateOptionsSchema.pipeTransport.linux.pipeProgram.description": "Полная команда канала для выполнения.",
  "generateOptionsSchema.pipeTransport.linux.quoteArgs.description": "Следует ли заключать в кавычки аргументы, содержащие символы, которые должны быть указаны в кавычках (например, пробелы)? По умолчанию применяется значение true. Если настроено значение false, команда отладчика больше не будет автоматически заключаться в кавычки.",
  "generateOptionsSchema.pipeTransport.osx.description": "Параметры конфигурации запуска канала для OSX",
  "generateOptionsSchema.pipeTransport.osx.pipeArgs.0.description": "Аргументы командной строки, переданные в программу канала. Маркер ${debuggerCommand} в pipeArgs будет заменен полной командой отладчика. Этот маркер можно указать вместе с другими аргументами. Если ${debuggerCommand} не используется ни в одном аргументе, полная команда отладчика будет добавлена в конец списка аргументов.",
  "generateOptionsSchema.pipeTransport.osx.pipeArgs.1.description": "Строковая версия аргументов командной строки, переданных в программу канала. Маркер ${debuggerCommand} в pipeArgs будет заменен полной командой отладчика. Этот маркер можно указать вместе с другими аргументами. Если ${debuggerCommand} не используется ни в одном аргументе, полная команда отладчика будет добавлена в конец списка аргументов.",
  "generateOptionsSchema.pipeTransport.osx.pipeCwd.description": "Полный путь к рабочему каталогу для программы канала.",
  "generateOptionsSchema.pipeTransport.osx.pipeEnv.description": "Переменные среды, переданные в программу канала.",
  "generateOptionsSchema.pipeTransport.osx.pipeProgram.description": "Полная команда канала для выполнения.",
  "generateOptionsSchema.pipeTransport.osx.quoteArgs.description": "Следует ли заключать в кавычки аргументы, содержащие символы, которые должны быть указаны в кавычках (например, пробелы)? По умолчанию применяется значение true. Если настроено значение false, команда отладчика больше не будет автоматически заключаться в кавычки.",
  "generateOptionsSchema.pipeTransport.pipeArgs.0.description": "Аргументы командной строки, переданные в программу канала. Маркер ${debuggerCommand} в pipeArgs будет заменен полной командой отладчика. Этот маркер можно указать вместе с другими аргументами. Если ${debuggerCommand} не используется ни в одном аргументе, полная команда отладчика будет добавлена в конец списка аргументов.",
  "generateOptionsSchema.pipeTransport.pipeArgs.1.description": "Строковая версия аргументов командной строки, переданных в программу канала. Маркер ${debuggerCommand} в pipeArgs будет заменен полной командой отладчика. Этот маркер можно указать вместе с другими аргументами. Если ${debuggerCommand} не используется ни в одном аргументе, полная команда отладчика будет добавлена в конец списка аргументов.",
  "generateOptionsSchema.pipeTransport.pipeCwd.description": "Полный путь к рабочему каталогу для программы канала.",
  "generateOptionsSchema.pipeTransport.pipeEnv.description": "Переменные среды, переданные в программу канала.",
  "generateOptionsSchema.pipeTransport.pipeProgram.description": "Полная команда канала для выполнения.",
  "generateOptionsSchema.pipeTransport.quoteArgs.description": "Следует ли заключать в кавычки аргументы, содержащие символы, которые должны быть указаны в кавычках (например, пробелы)? По умолчанию применяется значение true. Если настроено значение false, команда отладчика больше не будет автоматически заключаться в кавычки.",
  "generateOptionsSchema.pipeTransport.windows.description": "Параметры конфигурации запуска канала для Windows",
  "generateOptionsSchema.pipeTransport.windows.pipeArgs.0.description": "Аргументы командной строки, переданные в программу канала. Маркер ${debuggerCommand} в pipeArgs будет заменен полной командой отладчика. Этот маркер можно указать вместе с другими аргументами. Если ${debuggerCommand} не используется ни в одном аргументе, полная команда отладчика будет добавлена в конец списка аргументов.",
  "generateOptionsSchema.pipeTransport.windows.pipeArgs.1.description": "Строковая версия аргументов командной строки, переданных в программу канала. Маркер ${debuggerCommand} в pipeArgs будет заменен полной командой отладчика. Этот маркер можно указать вместе с другими аргументами. Если ${debuggerCommand} не используется ни в одном аргументе, полная команда отладчика будет добавлена в конец списка аргументов.",
  "generateOptionsSchema.pipeTransport.windows.pipeCwd.description": "Полный путь к рабочему каталогу для программы канала.",
  "generateOptionsSchema.pipeTransport.windows.pipeEnv.description": "Переменные среды, переданные в программу канала.",
  "generateOptionsSchema.pipeTransport.windows.pipeProgram.description": "Полная команда канала для выполнения.",
  "generateOptionsSchema.pipeTransport.windows.quoteArgs.description": "Следует ли заключать в кавычки аргументы, содержащие символы, которые должны быть указаны в кавычках (например, пробелы)? По умолчанию применяется значение true. Если настроено значение false, команда отладчика больше не будет автоматически заключаться в кавычки.",
  "generateOptionsSchema.processId.0.markdownDescription": "Идентификатор процесса, к которому нужно подключиться. Используйте \"\", чтобы получить список выполняемых процессов для подключения. Если применяется processId, не следует использовать processName.",
  "generateOptionsSchema.processId.1.markdownDescription": "Идентификатор процесса, к которому нужно подключиться. Используйте \"\", чтобы получить список выполняемых процессов для подключения. Если применяется processId, не следует использовать processName.",
  "generateOptionsSchema.processName.markdownDescription": "Имя процесса, к которому нужно подключиться. Если этот параметр используется, не следует применять processId.",
  "generateOptionsSchema.program.markdownDescription": "Путь к библиотеке DLL приложения или исполняемому файлу узла .NET Core для запуска.\r\nОбычно это свойство имеет вид: \"${workspaceFolder}/bin/Debug/(target-framework)/(project-name.dll)\"\r\n\r\nПример: \"${workspaceFolder}/bin/Debug/netcoreapp1.1/MyProject.dll\"\r\n\r\nГде:\r\n\"(target-framework)\" — это платформа, для которой создается отлаживаемый проект. Обычно это свойство \"TargetFramework\", находящееся в файле проекта.\r\n\r\n\"(project-name.dll)\" — это имя библиотеки DLL выходных данных сборки отлаживаемого проекта. Обычно это совпадает с именем файла проекта, но с расширением \".dll\".",
  "generateOptionsSchema.requireExactSource.markdownDescription": "Флаг, требующий соответствие текущего исходного кода PDB-файлу. По умолчанию этот параметр принимает значение true.",
  "generateOptionsSchema.sourceFileMap.markdownDescription": "Сопоставляет пути во время сборки с локальными исходными расположениями. Все экземпляры пути во время сборки будут заменены путем к локальному источнику.\r\n\r\nПример:\r\n\r\n\"{\"<build-path>\":\"<local-source-path>\"}\"",
  "generateOptionsSchema.sourceLinkOptions.additionalItems.enabled.markdownDescription": "Включен ли Source Link для этого URL-адреса? Если не указано, этот параметр принимает значение true по умолчанию.",
  "generateOptionsSchema.sourceLinkOptions.markdownDescription": "Параметры для управления подключением Source Link к веб-серверам. [Дополнительные сведения](https://aka.ms/VSCode-DotNet-SourceLink)",
  "generateOptionsSchema.stopAtEntry.markdownDescription": "Если значение равно true, отладчик должен остановиться в точке входа целевого объекта. По умолчанию этот параметр принимает значение true.",
  "generateOptionsSchema.suppressJITOptimizations.markdownDescription": "Если присвоено значение true, при загрузке оптимизированного модуля (с компиляцией DLL в конфигурации выпуска) в целевом процессе отладчик запросит у JIT-компилятора создание кода с отключенной оптимизацией. [Дополнительные сведения](https://aka.ms/VSCode-CS-LaunchJson-SuppressJITOptimizations)",
  "generateOptionsSchema.symbolOptions.cachePath.description": "Каталог, в котором должны кэшироваться символы, скачанные с серверов символов. Если не указано, отладчик в Windows будет по умолчанию использовать %TEMP%\\SymbolCache, а в Linux и macOS — ~/.dotnet/symbolcache.",
  "generateOptionsSchema.symbolOptions.description": "Параметры, управляющие поиском и загрузкой символов (PDB-файлов).",
  "generateOptionsSchema.symbolOptions.moduleFilter.description": "Предоставляет параметры для управления тем, для каких модулей (DLL-файлы) отладчик будет пытаться загружать символы (PDB-файлы).",
  "generateOptionsSchema.symbolOptions.moduleFilter.excludedModules.description": "Массив модулей, для которых отладчик не должен загружать символы. Поддерживаются подстановочные знаки (например: MyCompany.*.dll)\r\n\r\nЭто свойство игнорируется, если для \"mode\" задано значение \"loadAllButExcluded\".",
  "generateOptionsSchema.symbolOptions.moduleFilter.includeSymbolsNextToModules.description": "Если значение равно true, для любого модуля, НЕ входящего в массив \"includedModules\", отладчик по-прежнему будет проверять рядом с самим модулем и запускаемым исполняемым файлом, но он не будет проверять пути в списке поиска символов. По умолчанию для этого параметра установлено значение \"true\".\r\n\r\nЭто свойство игнорируется, если для параметра \"mode\" установлено значение \"loadOnlyIncluded\".",
  "generateOptionsSchema.symbolOptions.moduleFilter.includeSymbolsOnDemand.description": "Если присвоено значение true, для любого модуля НЕ из массива includedModules отладчик попытается скачать символы при обнаружении потребности в символах, например при входе в модуль. По умолчанию этот параметр принимает значение true.\r\n\r\nЭто свойство игнорируется, если для параметра \"mode\" не настроено значение loadOnlyIncluded.",
  "generateOptionsSchema.symbolOptions.moduleFilter.includedModules.description": "Массив модулей, для которых отладчик должен загружать символы. Поддерживаются подстановочные знаки (например: MyCompany.*.dll)\r\n\r\nЭто свойство игнорируется, если для \"mode\" задано значение \"loadOnlyIncluded\".",
  "generateOptionsSchema.symbolOptions.moduleFilter.mode.description": "Управляет тем, в каком из двух базовых режимов работы фильтр модуля работает.",
  "generateOptionsSchema.symbolOptions.moduleFilter.mode.loadAllButExcluded.enumDescription": "Загрузите символы для всех модулей, если модуль не находится в массиве \"excludedModules\".",
  "generateOptionsSchema.symbolOptions.moduleFilter.mode.loadOnlyIncluded.enumDescription": "Не пытайтесь загрузить символы для ЛЮБОГО модуля, если он не находится в массиве \"includedModules\", или он включен с помощью параметра \"includeSymbolsNextToModules\".",
  "generateOptionsSchema.symbolOptions.searchMicrosoftSymbolServer.description": "Если значение равно \"true\", сервер символов (Майкрософт) (https​://msdl.microsoft.com​/download/symbols) добавляется к пути поиска символов. Если этот параметр не задан, по умолчанию используется значение \"false\".",
  "generateOptionsSchema.symbolOptions.searchNuGetOrgSymbolServer.description": "Если применяется значение true, сервер символов NuGet.org (https​://symbols.nuget.org​/download/symbols) добавляется к пути поиска символов. Если этот параметр не настроен, по умолчанию используется значение false.",
  "generateOptionsSchema.symbolOptions.searchPaths.description": "Массив из URL-адресов сервера символов (example: http​://MyExampleSymbolServer) или каталогов (example: /build/symbols) для поиска PDB-файлов. Поиск будет выполняться в этих каталогах, помимо расположений по умолчанию (расположение рядом с модулем, а также путь, по которому изначально был обнаружен PDB-файл).",
  "generateOptionsSchema.targetArchitecture.markdownDescription": "[Поддерживается только в локальной отладке macOS]\r\n\r\nАрхитектура отлаживаемого объекта. Будет определяться автоматически, если этот параметр не задан. Допустимые значения: \"x86_64\" или \"arm64\".",
  "generateOptionsSchema.targetOutputLogPath.description": "Если этот параметр настроен, текст, который целевое приложение записывает в stdout и stderr (например, Console.WriteLine), будет сохранен в указанном файле. Этот параметр игнорируется, если для консоли настроено значение, отличное от internalConsole. Например, \"${workspaceFolder}/out.txt\"",
  "viewsWelcome.debug.contents": "[Создание ресурсов C# для сборки и отладки](command:dotnet.generateAssets)\r\n\r\nДополнительные сведения о launch.json см. в разделе [Настройка launch.json для отладки C#](https://aka.ms/VSCode-CS-LaunchJson)."
}